Benchmarks/splot-23-5-17/model_20110915_1159959623.xml,Benchmarks/splot-23-5-17/model_20110915_1159959623/model_20110915_1159959623-100-2.prod
Benchmarks/splot-23-5-17/model_20110915_1159959623.xml,Benchmarks/splot-23-5-17/model_20110915_1159959623/model_20110915_1159959623-100-3.prod
Benchmarks/splot-23-5-17/model_20110915_1159959623.xml,Benchmarks/splot-23-5-17/model_20110915_1159959623/model_20110915_1159959623-100-4.prod
Benchmarks/splot-23-5-17/model_20110915_1159959623.xml,Benchmarks/splot-23-5-17/model_20110915_1159959623/model_20110915_1159959623-100-5.prod
Benchmarks/splot-23-5-17/model_20110915_1159959623.xml,Benchmarks/splot-23-5-17/model_20110915_1159959623/model_20110915_1159959623-100-6.prod
Benchmarks/splot-23-5-17/model_20110915_1159959623.xml,Benchmarks/splot-23-5-17/model_20110915_1159959623/model_20110915_1159959623-100-7.prod
Benchmarks/splot-23-5-17/model_20110915_1159959623.xml,Benchmarks/splot-23-5-17/model_20110915_1159959623/model_20110915_1159959623-100-8.prod
Benchmarks/splot-23-5-17/model_20110915_1159959623.xml,Benchmarks/splot-23-5-17/model_20110915_1159959623/model_20110915_1159959623-100-9.prod
Benchmarks/splot-23-5-17/model_20110915_1159959623.xml,Benchmarks/splot-23-5-17/model_20110915_1159959623/model_20110915_1159959623-30-0.prod
Benchmarks/splot-23-5-17/model_20110915_1159959623.xml,Benchmarks/splot-23-5-17/model_20110915_1159959623/model_20110915_1159959623-30-1.prod
Benchmarks/splot-23-5-17/model_20110915_1159959623.xml,Benchmarks/splot-23-5-17/model_20110915_1159959623/model_20110915_1159959623-30-2.prod
Benchmarks/splot-23-5-17/model_20110915_1159959623.xml,Benchmarks/splot-23-5-17/model_20110915_1159959623/model_20110915_1159959623-30-3.prod
Benchmarks/splot-23-5-17/model_20110915_1159959623.xml,Benchmarks/splot-23-5-17/model_20110915_1159959623/model_20110915_1159959623-30-4.prod
Benchmarks/splot-23-5-17/model_20110915_1159959623.xml,Benchmarks/splot-23-5-17/model_20110915_1159959623/model_20110915_1159959623-30-5.prod
Benchmarks/splot-23-5-17/model_20110915_1159959623.xml,Benchmarks/splot-23-5-17/model_20110915_1159959623/model_20110915_1159959623-30-6.prod
Benchmarks/splot-23-5-17/model_20110915_1159959623.xml,Benchmarks/splot-23-5-17/model_20110915_1159959623/model_20110915_1159959623-30-7.prod
Benchmarks/splot-23-5-17/model_20110915_1159959623.xml,Benchmarks/splot-23-5-17/model_20110915_1159959623/model_20110915_1159959623-30-8.prod
Benchmarks/splot-23-5-17/model_20110915_1159959623.xml,Benchmarks/splot-23-5-17/model_20110915_1159959623/model_20110915_1159959623-30-9.prod
Benchmarks/splot-23-5-17/model_20110915_1159959623.xml,Benchmarks/splot-23-5-17/model_20110915_1159959623/model_20110915_1159959623-50-0.prod
Benchmarks/splot-23-5-17/model_20110915_1159959623.xml,Benchmarks/splot-23-5-17/model_20110915_1159959623/model_20110915_1159959623-50-1.prod
Benchmarks/splot-23-5-17/model_20110915_1159959623.xml,Benchmarks/splot-23-5-17/model_20110915_1159959623/model_20110915_1159959623-50-2.prod
Benchmarks/splot-23-5-17/model_20110915_1159959623.xml,Benchmarks/splot-23-5-17/model_20110915_1159959623/model_20110915_1159959623-50-3.prod
Benchmarks/splot-23-5-17/model_20110915_1159959623.xml,Benchmarks/splot-23-5-17/model_20110915_1159959623/model_20110915_1159959623-50-4.prod
Benchmarks/splot-23-5-17/model_20110915_1159959623.xml,Benchmarks/splot-23-5-17/model_20110915_1159959623/model_20110915_1159959623-50-5.prod
Benchmarks/splot-23-5-17/model_20110915_1159959623.xml,Benchmarks/splot-23-5-17/model_20110915_1159959623/model_20110915_1159959623-50-6.prod
Benchmarks/splot-23-5-17/model_20110915_1159959623.xml,Benchmarks/splot-23-5-17/model_20110915_1159959623/model_20110915_1159959623-50-7.prod
Benchmarks/splot-23-5-17/model_20110915_1159959623.xml,Benchmarks/splot-23-5-17/model_20110915_1159959623/model_20110915_1159959623-50-8.prod
Benchmarks/splot-23-5-17/model_20110915_1159959623.xml,Benchmarks/splot-23-5-17/model_20110915_1159959623/model_20110915_1159959623-50-9.prod
Benchmarks/splot-23-5-17/model_20111027_1380540076.xml,Benchmarks/splot-23-5-17/model_20111027_1380540076/model_20111027_1380540076-10-0.prod
Benchmarks/splot-23-5-17/model_20111027_1380540076.xml,Benchmarks/splot-23-5-17/model_20111027_1380540076/model_20111027_1380540076-10-1.prod
Benchmarks/splot-23-5-17/model_20111027_1380540076.xml,Benchmarks/splot-23-5-17/model_20111027_1380540076/model_20111027_1380540076-10-2.prod
Benchmarks/splot-23-5-17/model_20111027_1380540076.xml,Benchmarks/splot-23-5-17/model_20111027_1380540076/model_20111027_1380540076-10-3.prod
Benchmarks/splot-23-5-17/model_20111027_1380540076.xml,Benchmarks/splot-23-5-17/model_20111027_1380540076/model_20111027_1380540076-10-4.prod
Benchmarks/splot-23-5-17/model_20111027_1380540076.xml,Benchmarks/splot-23-5-17/model_20111027_1380540076/model_20111027_1380540076-10-5.prod
Benchmarks/splot-23-5-17/model_20111027_1380540076.xml,Benchmarks/splot-23-5-17/model_20111027_1380540076/model_20111027_1380540076-10-6.prod
Benchmarks/splot-23-5-17/model_20111027_1380540076.xml,Benchmarks/splot-23-5-17/model_20111027_1380540076/model_20111027_1380540076-10-7.prod
Benchmarks/splot-23-5-17/model_20111027_1380540076.xml,Benchmarks/splot-23-5-17/model_20111027_1380540076/model_20111027_1380540076-10-8.prod
Benchmarks/splot-23-5-17/model_20111027_1380540076.xml,Benchmarks/splot-23-5-17/model_20111027_1380540076/model_20111027_1380540076-10-9.prod
Benchmarks/splot-23-5-17/model_20111027_1380540076.xml,Benchmarks/splot-23-5-17/model_20111027_1380540076/model_20111027_1380540076-100-0.prod
Benchmarks/splot-23-5-17/model_20111027_1380540076.xml,Benchmarks/splot-23-5-17/model_20111027_1380540076/model_20111027_1380540076-100-1.prod
Benchmarks/splot-23-5-17/model_20111027_1380540076.xml,Benchmarks/splot-23-5-17/model_20111027_1380540076/model_20111027_1380540076-100-2.prod
Benchmarks/splot-23-5-17/model_20111027_1380540076.xml,Benchmarks/splot-23-5-17/model_20111027_1380540076/model_20111027_1380540076-100-3.prod
Benchmarks/splot-23-5-17/model_20111027_1380540076.xml,Benchmarks/splot-23-5-17/model_20111027_1380540076/model_20111027_1380540076-100-4.prod
Benchmarks/splot-23-5-17/model_20111027_1380540076.xml,Benchmarks/splot-23-5-17/model_20111027_1380540076/model_20111027_1380540076-100-5.prod
Benchmarks/splot-23-5-17/model_20111027_1380540076.xml,Benchmarks/splot-23-5-17/model_20111027_1380540076/model_20111027_1380540076-100-6.prod
Benchmarks/splot-23-5-17/model_20111027_1380540076.xml,Benchmarks/splot-23-5-17/model_20111027_1380540076/model_20111027_1380540076-100-7.prod
Benchmarks/splot-23-5-17/model_20111027_1380540076.xml,Benchmarks/splot-23-5-17/model_20111027_1380540076/model_20111027_1380540076-100-8.prod
Benchmarks/splot-23-5-17/model_20111027_1380540076.xml,Benchmarks/splot-23-5-17/model_20111027_1380540076/model_20111027_1380540076-100-9.prod
Benchmarks/splot-23-5-17/model_20111027_1380540076.xml,Benchmarks/splot-23-5-17/model_20111027_1380540076/model_20111027_1380540076-30-0.prod
Benchmarks/splot-23-5-17/model_20111027_1380540076.xml,Benchmarks/splot-23-5-17/model_20111027_1380540076/model_20111027_1380540076-30-1.prod
Benchmarks/splot-23-5-17/model_20111027_1380540076.xml,Benchmarks/splot-23-5-17/model_20111027_1380540076/model_20111027_1380540076-30-2.prod
Benchmarks/splot-23-5-17/model_20111027_1380540076.xml,Benchmarks/splot-23-5-17/model_20111027_1380540076/model_20111027_1380540076-30-3.prod
Benchmarks/splot-23-5-17/model_20111027_1380540076.xml,Benchmarks/splot-23-5-17/model_20111027_1380540076/model_20111027_1380540076-30-4.prod
Benchmarks/splot-23-5-17/model_20111027_1380540076.xml,Benchmarks/splot-23-5-17/model_20111027_1380540076/model_20111027_1380540076-30-5.prod
Benchmarks/splot-23-5-17/model_20111027_1380540076.xml,Benchmarks/splot-23-5-17/model_20111027_1380540076/model_20111027_1380540076-30-6.prod
Benchmarks/splot-23-5-17/model_20111027_1380540076.xml,Benchmarks/splot-23-5-17/model_20111027_1380540076/model_20111027_1380540076-30-7.prod
Benchmarks/splot-23-5-17/model_20111027_1380540076.xml,Benchmarks/splot-23-5-17/model_20111027_1380540076/model_20111027_1380540076-30-8.prod
Benchmarks/splot-23-5-17/model_20111027_1380540076.xml,Benchmarks/splot-23-5-17/model_20111027_1380540076/model_20111027_1380540076-30-9.prod
Benchmarks/splot-23-5-17/model_20111027_1380540076.xml,Benchmarks/splot-23-5-17/model_20111027_1380540076/model_20111027_1380540076-50-0.prod
Benchmarks/splot-23-5-17/model_20111027_1380540076.xml,Benchmarks/splot-23-5-17/model_20111027_1380540076/model_20111027_1380540076-50-1.prod
Benchmarks/splot-23-5-17/model_20111027_1380540076.xml,Benchmarks/splot-23-5-17/model_20111027_1380540076/model_20111027_1380540076-50-2.prod
Benchmarks/splot-23-5-17/model_20111027_1380540076.xml,Benchmarks/splot-23-5-17/model_20111027_1380540076/model_20111027_1380540076-50-3.prod
Benchmarks/splot-23-5-17/model_20111027_1380540076.xml,Benchmarks/splot-23-5-17/model_20111027_1380540076/model_20111027_1380540076-50-4.prod
Benchmarks/splot-23-5-17/model_20111027_1380540076.xml,Benchmarks/splot-23-5-17/model_20111027_1380540076/model_20111027_1380540076-50-5.prod
Benchmarks/splot-23-5-17/model_20111027_1380540076.xml,Benchmarks/splot-23-5-17/model_20111027_1380540076/model_20111027_1380540076-50-6.prod
Benchmarks/splot-23-5-17/model_20111027_1380540076.xml,Benchmarks/splot-23-5-17/model_20111027_1380540076/model_20111027_1380540076-50-7.prod
Benchmarks/splot-23-5-17/model_20111027_1380540076.xml,Benchmarks/splot-23-5-17/model_20111027_1380540076/model_20111027_1380540076-50-8.prod
Benchmarks/splot-23-5-17/model_20111027_1380540076.xml,Benchmarks/splot-23-5-17/model_20111027_1380540076/model_20111027_1380540076-50-9.prod
Benchmarks/splot-23-5-17/model_20111027_966072474.xml,Benchmarks/splot-23-5-17/model_20111027_966072474/model_20111027_966072474-10-0.prod
Benchmarks/splot-23-5-17/model_20111027_966072474.xml,Benchmarks/splot-23-5-17/model_20111027_966072474/model_20111027_966072474-10-1.prod
Benchmarks/splot-23-5-17/model_20111027_966072474.xml,Benchmarks/splot-23-5-17/model_20111027_966072474/model_20111027_966072474-10-2.prod
Benchmarks/splot-23-5-17/model_20111027_966072474.xml,Benchmarks/splot-23-5-17/model_20111027_966072474/model_20111027_966072474-10-3.prod
Benchmarks/splot-23-5-17/model_20111027_966072474.xml,Benchmarks/splot-23-5-17/model_20111027_966072474/model_20111027_966072474-10-4.prod
Benchmarks/splot-23-5-17/model_20111027_966072474.xml,Benchmarks/splot-23-5-17/model_20111027_966072474/model_20111027_966072474-10-5.prod
Benchmarks/splot-23-5-17/model_20111027_966072474.xml,Benchmarks/splot-23-5-17/model_20111027_966072474/model_20111027_966072474-10-6.prod
Benchmarks/splot-23-5-17/model_20111027_966072474.xml,Benchmarks/splot-23-5-17/model_20111027_966072474/model_20111027_966072474-10-7.prod
Benchmarks/splot-23-5-17/model_20111027_966072474.xml,Benchmarks/splot-23-5-17/model_20111027_966072474/model_20111027_966072474-10-8.prod
Benchmarks/splot-23-5-17/model_20111027_966072474.xml,Benchmarks/splot-23-5-17/model_20111027_966072474/model_20111027_966072474-10-9.prod
Benchmarks/splot-23-5-17/model_20111027_966072474.xml,Benchmarks/splot-23-5-17/model_20111027_966072474/model_20111027_966072474-100-0.prod
Benchmarks/splot-23-5-17/model_20111027_966072474.xml,Benchmarks/splot-23-5-17/model_20111027_966072474/model_20111027_966072474-100-1.prod
Benchmarks/splot-23-5-17/model_20111027_966072474.xml,Benchmarks/splot-23-5-17/model_20111027_966072474/model_20111027_966072474-100-2.prod
Benchmarks/splot-23-5-17/model_20111027_966072474.xml,Benchmarks/splot-23-5-17/model_20111027_966072474/model_20111027_966072474-100-3.prod
Benchmarks/splot-23-5-17/model_20111027_966072474.xml,Benchmarks/splot-23-5-17/model_20111027_966072474/model_20111027_966072474-100-4.prod
Benchmarks/splot-23-5-17/model_20111027_966072474.xml,Benchmarks/splot-23-5-17/model_20111027_966072474/model_20111027_966072474-100-5.prod
Benchmarks/splot-23-5-17/model_20111027_966072474.xml,Benchmarks/splot-23-5-17/model_20111027_966072474/model_20111027_966072474-100-6.prod
Benchmarks/splot-23-5-17/model_20111027_966072474.xml,Benchmarks/splot-23-5-17/model_20111027_966072474/model_20111027_966072474-100-7.prod
Benchmarks/splot-23-5-17/model_20111027_966072474.xml,Benchmarks/splot-23-5-17/model_20111027_966072474/model_20111027_966072474-100-8.prod
Benchmarks/splot-23-5-17/model_20111027_966072474.xml,Benchmarks/splot-23-5-17/model_20111027_966072474/model_20111027_966072474-100-9.prod
Benchmarks/splot-23-5-17/model_20111027_966072474.xml,Benchmarks/splot-23-5-17/model_20111027_966072474/model_20111027_966072474-30-0.prod
Benchmarks/splot-23-5-17/model_20111027_966072474.xml,Benchmarks/splot-23-5-17/model_20111027_966072474/model_20111027_966072474-30-1.prod
Benchmarks/splot-23-5-17/model_20111027_966072474.xml,Benchmarks/splot-23-5-17/model_20111027_966072474/model_20111027_966072474-30-2.prod
Benchmarks/splot-23-5-17/model_20111027_966072474.xml,Benchmarks/splot-23-5-17/model_20111027_966072474/model_20111027_966072474-30-3.prod
Benchmarks/splot-23-5-17/model_20111027_966072474.xml,Benchmarks/splot-23-5-17/model_20111027_966072474/model_20111027_966072474-30-4.prod
Benchmarks/splot-23-5-17/model_20111027_966072474.xml,Benchmarks/splot-23-5-17/model_20111027_966072474/model_20111027_966072474-30-5.prod
Benchmarks/splot-23-5-17/model_20111027_966072474.xml,Benchmarks/splot-23-5-17/model_20111027_966072474/model_20111027_966072474-30-6.prod
Benchmarks/splot-23-5-17/model_20111027_966072474.xml,Benchmarks/splot-23-5-17/model_20111027_966072474/model_20111027_966072474-30-7.prod
Benchmarks/splot-23-5-17/model_20111027_966072474.xml,Benchmarks/splot-23-5-17/model_20111027_966072474/model_20111027_966072474-30-8.prod
Benchmarks/splot-23-5-17/model_20111027_966072474.xml,Benchmarks/splot-23-5-17/model_20111027_966072474/model_20111027_966072474-30-9.prod
Benchmarks/splot-23-5-17/model_20111027_966072474.xml,Benchmarks/splot-23-5-17/model_20111027_966072474/model_20111027_966072474-50-0.prod
Benchmarks/splot-23-5-17/model_20111027_966072474.xml,Benchmarks/splot-23-5-17/model_20111027_966072474/model_20111027_966072474-50-1.prod
Benchmarks/splot-23-5-17/model_20111027_966072474.xml,Benchmarks/splot-23-5-17/model_20111027_966072474/model_20111027_966072474-50-2.prod
Benchmarks/splot-23-5-17/model_20111027_966072474.xml,Benchmarks/splot-23-5-17/model_20111027_966072474/model_20111027_966072474-50-3.prod
Benchmarks/splot-23-5-17/model_20111027_966072474.xml,Benchmarks/splot-23-5-17/model_20111027_966072474/model_20111027_966072474-50-4.prod
Benchmarks/splot-23-5-17/model_20111027_966072474.xml,Benchmarks/splot-23-5-17/model_20111027_966072474/model_20111027_966072474-50-5.prod
Benchmarks/splot-23-5-17/model_20111027_966072474.xml,Benchmarks/splot-23-5-17/model_20111027_966072474/model_20111027_966072474-50-6.prod
Benchmarks/splot-23-5-17/model_20111027_966072474.xml,Benchmarks/splot-23-5-17/model_20111027_966072474/model_20111027_966072474-50-7.prod
Benchmarks/splot-23-5-17/model_20111027_966072474.xml,Benchmarks/splot-23-5-17/model_20111027_966072474/model_20111027_966072474-50-8.prod
Benchmarks/splot-23-5-17/model_20111027_966072474.xml,Benchmarks/splot-23-5-17/model_20111027_966072474/model_20111027_966072474-50-9.prod
Benchmarks/splot-23-5-17/model_20120110_1094246588.xml,Benchmarks/splot-23-5-17/model_20120110_1094246588/model_20120110_1094246588-10-0.prod
Benchmarks/splot-23-5-17/model_20120110_1094246588.xml,Benchmarks/splot-23-5-17/model_20120110_1094246588/model_20120110_1094246588-10-1.prod
Benchmarks/splot-23-5-17/model_20120110_1094246588.xml,Benchmarks/splot-23-5-17/model_20120110_1094246588/model_20120110_1094246588-10-2.prod
Benchmarks/splot-23-5-17/model_20120110_1094246588.xml,Benchmarks/splot-23-5-17/model_20120110_1094246588/model_20120110_1094246588-10-3.prod
Benchmarks/splot-23-5-17/model_20120110_1094246588.xml,Benchmarks/splot-23-5-17/model_20120110_1094246588/model_20120110_1094246588-10-4.prod
Benchmarks/splot-23-5-17/model_20120110_1094246588.xml,Benchmarks/splot-23-5-17/model_20120110_1094246588/model_20120110_1094246588-10-5.prod
Benchmarks/splot-23-5-17/model_20120110_1094246588.xml,Benchmarks/splot-23-5-17/model_20120110_1094246588/model_20120110_1094246588-10-6.prod
Benchmarks/splot-23-5-17/model_20120110_1094246588.xml,Benchmarks/splot-23-5-17/model_20120110_1094246588/model_20120110_1094246588-10-7.prod
Benchmarks/splot-23-5-17/model_20120110_1094246588.xml,Benchmarks/splot-23-5-17/model_20120110_1094246588/model_20120110_1094246588-10-8.prod
Benchmarks/splot-23-5-17/model_20120110_1094246588.xml,Benchmarks/splot-23-5-17/model_20120110_1094246588/model_20120110_1094246588-10-9.prod
Benchmarks/splot-23-5-17/model_20120110_1094246588.xml,Benchmarks/splot-23-5-17/model_20120110_1094246588/model_20120110_1094246588-100-0.prod
Benchmarks/splot-23-5-17/model_20120110_1094246588.xml,Benchmarks/splot-23-5-17/model_20120110_1094246588/model_20120110_1094246588-100-1.prod
Benchmarks/splot-23-5-17/model_20120110_1094246588.xml,Benchmarks/splot-23-5-17/model_20120110_1094246588/model_20120110_1094246588-100-2.prod
Benchmarks/splot-23-5-17/model_20120110_1094246588.xml,Benchmarks/splot-23-5-17/model_20120110_1094246588/model_20120110_1094246588-100-3.prod
Benchmarks/splot-23-5-17/model_20120110_1094246588.xml,Benchmarks/splot-23-5-17/model_20120110_1094246588/model_20120110_1094246588-100-4.prod
Benchmarks/splot-23-5-17/model_20120110_1094246588.xml,Benchmarks/splot-23-5-17/model_20120110_1094246588/model_20120110_1094246588-100-5.prod
Benchmarks/splot-23-5-17/model_20120110_1094246588.xml,Benchmarks/splot-23-5-17/model_20120110_1094246588/model_20120110_1094246588-100-6.prod
Benchmarks/splot-23-5-17/model_20120110_1094246588.xml,Benchmarks/splot-23-5-17/model_20120110_1094246588/model_20120110_1094246588-100-7.prod
Benchmarks/splot-23-5-17/model_20120110_1094246588.xml,Benchmarks/splot-23-5-17/model_20120110_1094246588/model_20120110_1094246588-100-8.prod
Benchmarks/splot-23-5-17/model_20120110_1094246588.xml,Benchmarks/splot-23-5-17/model_20120110_1094246588/model_20120110_1094246588-100-9.prod
Benchmarks/splot-23-5-17/model_20120110_1094246588.xml,Benchmarks/splot-23-5-17/model_20120110_1094246588/model_20120110_1094246588-30-0.prod
Benchmarks/splot-23-5-17/model_20120110_1094246588.xml,Benchmarks/splot-23-5-17/model_20120110_1094246588/model_20120110_1094246588-30-1.prod
Benchmarks/splot-23-5-17/model_20120110_1094246588.xml,Benchmarks/splot-23-5-17/model_20120110_1094246588/model_20120110_1094246588-30-2.prod
Benchmarks/splot-23-5-17/model_20120110_1094246588.xml,Benchmarks/splot-23-5-17/model_20120110_1094246588/model_20120110_1094246588-30-3.prod
Benchmarks/splot-23-5-17/model_20120110_1094246588.xml,Benchmarks/splot-23-5-17/model_20120110_1094246588/model_20120110_1094246588-30-4.prod
Benchmarks/splot-23-5-17/model_20120110_1094246588.xml,Benchmarks/splot-23-5-17/model_20120110_1094246588/model_20120110_1094246588-30-5.prod
Benchmarks/splot-23-5-17/model_20120110_1094246588.xml,Benchmarks/splot-23-5-17/model_20120110_1094246588/model_20120110_1094246588-30-6.prod
Benchmarks/splot-23-5-17/model_20120110_1094246588.xml,Benchmarks/splot-23-5-17/model_20120110_1094246588/model_20120110_1094246588-30-7.prod
Benchmarks/splot-23-5-17/model_20120110_1094246588.xml,Benchmarks/splot-23-5-17/model_20120110_1094246588/model_20120110_1094246588-30-8.prod
Benchmarks/splot-23-5-17/model_20120110_1094246588.xml,Benchmarks/splot-23-5-17/model_20120110_1094246588/model_20120110_1094246588-30-9.prod
Benchmarks/splot-23-5-17/model_20120110_1094246588.xml,Benchmarks/splot-23-5-17/model_20120110_1094246588/model_20120110_1094246588-50-0.prod
Benchmarks/splot-23-5-17/model_20120110_1094246588.xml,Benchmarks/splot-23-5-17/model_20120110_1094246588/model_20120110_1094246588-50-1.prod
Benchmarks/splot-23-5-17/model_20120110_1094246588.xml,Benchmarks/splot-23-5-17/model_20120110_1094246588/model_20120110_1094246588-50-2.prod
Benchmarks/splot-23-5-17/model_20120110_1094246588.xml,Benchmarks/splot-23-5-17/model_20120110_1094246588/model_20120110_1094246588-50-3.prod
Benchmarks/splot-23-5-17/model_20120110_1094246588.xml,Benchmarks/splot-23-5-17/model_20120110_1094246588/model_20120110_1094246588-50-4.prod
Benchmarks/splot-23-5-17/model_20120110_1094246588.xml,Benchmarks/splot-23-5-17/model_20120110_1094246588/model_20120110_1094246588-50-5.prod
Benchmarks/splot-23-5-17/model_20120110_1094246588.xml,Benchmarks/splot-23-5-17/model_20120110_1094246588/model_20120110_1094246588-50-6.prod
Benchmarks/splot-23-5-17/model_20120110_1094246588.xml,Benchmarks/splot-23-5-17/model_20120110_1094246588/model_20120110_1094246588-50-7.prod
Benchmarks/splot-23-5-17/model_20120110_1094246588.xml,Benchmarks/splot-23-5-17/model_20120110_1094246588/model_20120110_1094246588-50-8.prod
Benchmarks/splot-23-5-17/model_20120110_1094246588.xml,Benchmarks/splot-23-5-17/model_20120110_1094246588/model_20120110_1094246588-50-9.prod
Benchmarks/splot-23-5-17/model_20120110_1256867454.xml,Benchmarks/splot-23-5-17/model_20120110_1256867454/model_20120110_1256867454-10-0.prod
Benchmarks/splot-23-5-17/model_20120110_1256867454.xml,Benchmarks/splot-23-5-17/model_20120110_1256867454/model_20120110_1256867454-10-1.prod
Benchmarks/splot-23-5-17/model_20120110_1256867454.xml,Benchmarks/splot-23-5-17/model_20120110_1256867454/model_20120110_1256867454-10-2.prod
Benchmarks/splot-23-5-17/model_20120110_1256867454.xml,Benchmarks/splot-23-5-17/model_20120110_1256867454/model_20120110_1256867454-10-3.prod
Benchmarks/splot-23-5-17/model_20120110_1256867454.xml,Benchmarks/splot-23-5-17/model_20120110_1256867454/model_20120110_1256867454-10-4.prod
Benchmarks/splot-23-5-17/model_20120110_1256867454.xml,Benchmarks/splot-23-5-17/model_20120110_1256867454/model_20120110_1256867454-10-5.prod
Benchmarks/splot-23-5-17/model_20120110_1256867454.xml,Benchmarks/splot-23-5-17/model_20120110_1256867454/model_20120110_1256867454-10-6.prod
Benchmarks/splot-23-5-17/model_20120110_1256867454.xml,Benchmarks/splot-23-5-17/model_20120110_1256867454/model_20120110_1256867454-10-7.prod
Benchmarks/splot-23-5-17/model_20120110_1256867454.xml,Benchmarks/splot-23-5-17/model_20120110_1256867454/model_20120110_1256867454-10-8.prod
Benchmarks/splot-23-5-17/model_20120110_1256867454.xml,Benchmarks/splot-23-5-17/model_20120110_1256867454/model_20120110_1256867454-10-9.prod
Benchmarks/splot-23-5-17/model_20120110_1256867454.xml,Benchmarks/splot-23-5-17/model_20120110_1256867454/model_20120110_1256867454-100-0.prod
Benchmarks/splot-23-5-17/model_20120110_1256867454.xml,Benchmarks/splot-23-5-17/model_20120110_1256867454/model_20120110_1256867454-100-1.prod
Benchmarks/splot-23-5-17/model_20120110_1256867454.xml,Benchmarks/splot-23-5-17/model_20120110_1256867454/model_20120110_1256867454-100-2.prod
Benchmarks/splot-23-5-17/model_20120110_1256867454.xml,Benchmarks/splot-23-5-17/model_20120110_1256867454/model_20120110_1256867454-100-3.prod
Benchmarks/splot-23-5-17/model_20120110_1256867454.xml,Benchmarks/splot-23-5-17/model_20120110_1256867454/model_20120110_1256867454-100-4.prod
Benchmarks/splot-23-5-17/model_20120110_1256867454.xml,Benchmarks/splot-23-5-17/model_20120110_1256867454/model_20120110_1256867454-100-5.prod
Benchmarks/splot-23-5-17/model_20120110_1256867454.xml,Benchmarks/splot-23-5-17/model_20120110_1256867454/model_20120110_1256867454-100-6.prod
Benchmarks/splot-23-5-17/model_20120110_1256867454.xml,Benchmarks/splot-23-5-17/model_20120110_1256867454/model_20120110_1256867454-100-7.prod
Benchmarks/splot-23-5-17/model_20120110_1256867454.xml,Benchmarks/splot-23-5-17/model_20120110_1256867454/model_20120110_1256867454-100-8.prod
Benchmarks/splot-23-5-17/model_20120110_1256867454.xml,Benchmarks/splot-23-5-17/model_20120110_1256867454/model_20120110_1256867454-100-9.prod
Benchmarks/splot-23-5-17/model_20120110_1256867454.xml,Benchmarks/splot-23-5-17/model_20120110_1256867454/model_20120110_1256867454-30-0.prod
Benchmarks/splot-23-5-17/model_20120110_1256867454.xml,Benchmarks/splot-23-5-17/model_20120110_1256867454/model_20120110_1256867454-30-1.prod
Benchmarks/splot-23-5-17/model_20120110_1256867454.xml,Benchmarks/splot-23-5-17/model_20120110_1256867454/model_20120110_1256867454-30-2.prod
Benchmarks/splot-23-5-17/model_20120110_1256867454.xml,Benchmarks/splot-23-5-17/model_20120110_1256867454/model_20120110_1256867454-30-3.prod
Benchmarks/splot-23-5-17/model_20120110_1256867454.xml,Benchmarks/splot-23-5-17/model_20120110_1256867454/model_20120110_1256867454-30-4.prod
Benchmarks/splot-23-5-17/model_20120110_1256867454.xml,Benchmarks/splot-23-5-17/model_20120110_1256867454/model_20120110_1256867454-30-5.prod
Benchmarks/splot-23-5-17/model_20120110_1256867454.xml,Benchmarks/splot-23-5-17/model_20120110_1256867454/model_20120110_1256867454-30-6.prod
Benchmarks/splot-23-5-17/model_20120110_1256867454.xml,Benchmarks/splot-23-5-17/model_20120110_1256867454/model_20120110_1256867454-30-7.prod
Benchmarks/splot-23-5-17/model_20120110_1256867454.xml,Benchmarks/splot-23-5-17/model_20120110_1256867454/model_20120110_1256867454-30-8.prod
Benchmarks/splot-23-5-17/model_20120110_1256867454.xml,Benchmarks/splot-23-5-17/model_20120110_1256867454/model_20120110_1256867454-30-9.prod
Benchmarks/splot-23-5-17/model_20120110_1256867454.xml,Benchmarks/splot-23-5-17/model_20120110_1256867454/model_20120110_1256867454-50-0.prod
Benchmarks/splot-23-5-17/model_20120110_1256867454.xml,Benchmarks/splot-23-5-17/model_20120110_1256867454/model_20120110_1256867454-50-1.prod
Benchmarks/splot-23-5-17/model_20120110_1256867454.xml,Benchmarks/splot-23-5-17/model_20120110_1256867454/model_20120110_1256867454-50-2.prod
Benchmarks/splot-23-5-17/model_20120110_1256867454.xml,Benchmarks/splot-23-5-17/model_20120110_1256867454/model_20120110_1256867454-50-3.prod
Benchmarks/splot-23-5-17/model_20120110_1256867454.xml,Benchmarks/splot-23-5-17/model_20120110_1256867454/model_20120110_1256867454-50-4.prod
Benchmarks/splot-23-5-17/model_20120110_1256867454.xml,Benchmarks/splot-23-5-17/model_20120110_1256867454/model_20120110_1256867454-50-5.prod
Benchmarks/splot-23-5-17/model_20120110_1256867454.xml,Benchmarks/splot-23-5-17/model_20120110_1256867454/model_20120110_1256867454-50-6.prod
Benchmarks/splot-23-5-17/model_20120110_1256867454.xml,Benchmarks/splot-23-5-17/model_20120110_1256867454/model_20120110_1256867454-50-7.prod
Benchmarks/splot-23-5-17/model_20120110_1256867454.xml,Benchmarks/splot-23-5-17/model_20120110_1256867454/model_20120110_1256867454-50-8.prod
Benchmarks/splot-23-5-17/model_20120110_1256867454.xml,Benchmarks/splot-23-5-17/model_20120110_1256867454/model_20120110_1256867454-50-9.prod
Benchmarks/splot-23-5-17/model_20120110_139114401.xml,Benchmarks/splot-23-5-17/model_20120110_139114401/model_20120110_139114401-10-0.prod
Benchmarks/splot-23-5-17/model_20120110_139114401.xml,Benchmarks/splot-23-5-17/model_20120110_139114401/model_20120110_139114401-10-1.prod
Benchmarks/splot-23-5-17/model_20120110_139114401.xml,Benchmarks/splot-23-5-17/model_20120110_139114401/model_20120110_139114401-10-2.prod
Benchmarks/splot-23-5-17/model_20120110_139114401.xml,Benchmarks/splot-23-5-17/model_20120110_139114401/model_20120110_139114401-10-3.prod
Benchmarks/splot-23-5-17/model_20120110_139114401.xml,Benchmarks/splot-23-5-17/model_20120110_139114401/model_20120110_139114401-10-4.prod
Benchmarks/splot-23-5-17/model_20120110_139114401.xml,Benchmarks/splot-23-5-17/model_20120110_139114401/model_20120110_139114401-10-5.prod
Benchmarks/splot-23-5-17/model_20120110_139114401.xml,Benchmarks/splot-23-5-17/model_20120110_139114401/model_20120110_139114401-10-6.prod
Benchmarks/splot-23-5-17/model_20120110_139114401.xml,Benchmarks/splot-23-5-17/model_20120110_139114401/model_20120110_139114401-10-7.prod
Benchmarks/splot-23-5-17/model_20120110_139114401.xml,Benchmarks/splot-23-5-17/model_20120110_139114401/model_20120110_139114401-10-8.prod
Benchmarks/splot-23-5-17/model_20120110_139114401.xml,Benchmarks/splot-23-5-17/model_20120110_139114401/model_20120110_139114401-10-9.prod
Benchmarks/splot-23-5-17/model_20120110_139114401.xml,Benchmarks/splot-23-5-17/model_20120110_139114401/model_20120110_139114401-100-0.prod
Benchmarks/splot-23-5-17/model_20120110_139114401.xml,Benchmarks/splot-23-5-17/model_20120110_139114401/model_20120110_139114401-100-1.prod
Benchmarks/splot-23-5-17/model_20120110_139114401.xml,Benchmarks/splot-23-5-17/model_20120110_139114401/model_20120110_139114401-100-2.prod
Benchmarks/splot-23-5-17/model_20120110_139114401.xml,Benchmarks/splot-23-5-17/model_20120110_139114401/model_20120110_139114401-100-3.prod
Benchmarks/splot-23-5-17/model_20120110_139114401.xml,Benchmarks/splot-23-5-17/model_20120110_139114401/model_20120110_139114401-100-4.prod
Benchmarks/splot-23-5-17/model_20120110_139114401.xml,Benchmarks/splot-23-5-17/model_20120110_139114401/model_20120110_139114401-100-5.prod
Benchmarks/splot-23-5-17/model_20120110_139114401.xml,Benchmarks/splot-23-5-17/model_20120110_139114401/model_20120110_139114401-100-6.prod
Benchmarks/splot-23-5-17/model_20120110_139114401.xml,Benchmarks/splot-23-5-17/model_20120110_139114401/model_20120110_139114401-100-7.prod
Benchmarks/splot-23-5-17/model_20120110_139114401.xml,Benchmarks/splot-23-5-17/model_20120110_139114401/model_20120110_139114401-100-8.prod
Benchmarks/splot-23-5-17/model_20120110_139114401.xml,Benchmarks/splot-23-5-17/model_20120110_139114401/model_20120110_139114401-100-9.prod
Benchmarks/splot-23-5-17/model_20120110_139114401.xml,Benchmarks/splot-23-5-17/model_20120110_139114401/model_20120110_139114401-30-0.prod
Benchmarks/splot-23-5-17/model_20120110_139114401.xml,Benchmarks/splot-23-5-17/model_20120110_139114401/model_20120110_139114401-30-1.prod
Benchmarks/splot-23-5-17/model_20120110_139114401.xml,Benchmarks/splot-23-5-17/model_20120110_139114401/model_20120110_139114401-30-2.prod
Benchmarks/splot-23-5-17/model_20120110_139114401.xml,Benchmarks/splot-23-5-17/model_20120110_139114401/model_20120110_139114401-30-3.prod
Benchmarks/splot-23-5-17/model_20120110_139114401.xml,Benchmarks/splot-23-5-17/model_20120110_139114401/model_20120110_139114401-30-4.prod
Benchmarks/splot-23-5-17/model_20120110_139114401.xml,Benchmarks/splot-23-5-17/model_20120110_139114401/model_20120110_139114401-30-5.prod
Benchmarks/splot-23-5-17/model_20120110_139114401.xml,Benchmarks/splot-23-5-17/model_20120110_139114401/model_20120110_139114401-30-6.prod
Benchmarks/splot-23-5-17/model_20120110_139114401.xml,Benchmarks/splot-23-5-17/model_20120110_139114401/model_20120110_139114401-30-7.prod
Benchmarks/splot-23-5-17/model_20120110_139114401.xml,Benchmarks/splot-23-5-17/model_20120110_139114401/model_20120110_139114401-30-8.prod
Benchmarks/splot-23-5-17/model_20120110_139114401.xml,Benchmarks/splot-23-5-17/model_20120110_139114401/model_20120110_139114401-30-9.prod
Benchmarks/splot-23-5-17/model_20120110_139114401.xml,Benchmarks/splot-23-5-17/model_20120110_139114401/model_20120110_139114401-50-0.prod
Benchmarks/splot-23-5-17/model_20120110_139114401.xml,Benchmarks/splot-23-5-17/model_20120110_139114401/model_20120110_139114401-50-1.prod
Benchmarks/splot-23-5-17/model_20120110_139114401.xml,Benchmarks/splot-23-5-17/model_20120110_139114401/model_20120110_139114401-50-2.prod
Benchmarks/splot-23-5-17/model_20120110_139114401.xml,Benchmarks/splot-23-5-17/model_20120110_139114401/model_20120110_139114401-50-3.prod
Benchmarks/splot-23-5-17/model_20120110_139114401.xml,Benchmarks/splot-23-5-17/model_20120110_139114401/model_20120110_139114401-50-4.prod
Benchmarks/splot-23-5-17/model_20120110_139114401.xml,Benchmarks/splot-23-5-17/model_20120110_139114401/model_20120110_139114401-50-5.prod
Benchmarks/splot-23-5-17/model_20120110_139114401.xml,Benchmarks/splot-23-5-17/model_20120110_139114401/model_20120110_139114401-50-6.prod
Benchmarks/splot-23-5-17/model_20120110_139114401.xml,Benchmarks/splot-23-5-17/model_20120110_139114401/model_20120110_139114401-50-7.prod
Benchmarks/splot-23-5-17/model_20120110_139114401.xml,Benchmarks/splot-23-5-17/model_20120110_139114401/model_20120110_139114401-50-8.prod
Benchmarks/splot-23-5-17/model_20120110_139114401.xml,Benchmarks/splot-23-5-17/model_20120110_139114401/model_20120110_139114401-50-9.prod
Benchmarks/splot-23-5-17/model_20120110_1719396361.xml,Benchmarks/splot-23-5-17/model_20120110_1719396361/model_20120110_1719396361-10-0.prod
Benchmarks/splot-23-5-17/model_20120110_1719396361.xml,Benchmarks/splot-23-5-17/model_20120110_1719396361/model_20120110_1719396361-10-1.prod
Benchmarks/splot-23-5-17/model_20120110_1719396361.xml,Benchmarks/splot-23-5-17/model_20120110_1719396361/model_20120110_1719396361-10-2.prod
Benchmarks/splot-23-5-17/model_20120110_1719396361.xml,Benchmarks/splot-23-5-17/model_20120110_1719396361/model_20120110_1719396361-10-3.prod
Benchmarks/splot-23-5-17/model_20120110_1719396361.xml,Benchmarks/splot-23-5-17/model_20120110_1719396361/model_20120110_1719396361-10-4.prod
Benchmarks/splot-23-5-17/model_20120110_1719396361.xml,Benchmarks/splot-23-5-17/model_20120110_1719396361/model_20120110_1719396361-10-5.prod
Benchmarks/splot-23-5-17/model_20120110_1719396361.xml,Benchmarks/splot-23-5-17/model_20120110_1719396361/model_20120110_1719396361-10-6.prod
Benchmarks/splot-23-5-17/model_20120110_1719396361.xml,Benchmarks/splot-23-5-17/model_20120110_1719396361/model_20120110_1719396361-10-7.prod
Benchmarks/splot-23-5-17/model_20120110_1719396361.xml,Benchmarks/splot-23-5-17/model_20120110_1719396361/model_20120110_1719396361-10-8.prod
Benchmarks/splot-23-5-17/model_20120110_1719396361.xml,Benchmarks/splot-23-5-17/model_20120110_1719396361/model_20120110_1719396361-10-9.prod
Benchmarks/splot-23-5-17/model_20120110_1719396361.xml,Benchmarks/splot-23-5-17/model_20120110_1719396361/model_20120110_1719396361-100-0.prod
Benchmarks/splot-23-5-17/model_20120110_1719396361.xml,Benchmarks/splot-23-5-17/model_20120110_1719396361/model_20120110_1719396361-100-1.prod
Benchmarks/splot-23-5-17/model_20120110_1719396361.xml,Benchmarks/splot-23-5-17/model_20120110_1719396361/model_20120110_1719396361-100-2.prod
Benchmarks/splot-23-5-17/model_20120110_1719396361.xml,Benchmarks/splot-23-5-17/model_20120110_1719396361/model_20120110_1719396361-100-3.prod
Benchmarks/splot-23-5-17/model_20120110_1719396361.xml,Benchmarks/splot-23-5-17/model_20120110_1719396361/model_20120110_1719396361-100-4.prod
Benchmarks/splot-23-5-17/model_20120110_1719396361.xml,Benchmarks/splot-23-5-17/model_20120110_1719396361/model_20120110_1719396361-100-5.prod
Benchmarks/splot-23-5-17/model_20120110_1719396361.xml,Benchmarks/splot-23-5-17/model_20120110_1719396361/model_20120110_1719396361-100-6.prod
Benchmarks/splot-23-5-17/model_20120110_1719396361.xml,Benchmarks/splot-23-5-17/model_20120110_1719396361/model_20120110_1719396361-100-7.prod
Benchmarks/splot-23-5-17/model_20120110_1719396361.xml,Benchmarks/splot-23-5-17/model_20120110_1719396361/model_20120110_1719396361-100-8.prod
Benchmarks/splot-23-5-17/model_20120110_1719396361.xml,Benchmarks/splot-23-5-17/model_20120110_1719396361/model_20120110_1719396361-100-9.prod
Benchmarks/splot-23-5-17/model_20120110_1719396361.xml,Benchmarks/splot-23-5-17/model_20120110_1719396361/model_20120110_1719396361-30-0.prod
Benchmarks/splot-23-5-17/model_20120110_1719396361.xml,Benchmarks/splot-23-5-17/model_20120110_1719396361/model_20120110_1719396361-30-1.prod
Benchmarks/splot-23-5-17/model_20120110_1719396361.xml,Benchmarks/splot-23-5-17/model_20120110_1719396361/model_20120110_1719396361-30-2.prod
Benchmarks/splot-23-5-17/model_20120110_1719396361.xml,Benchmarks/splot-23-5-17/model_20120110_1719396361/model_20120110_1719396361-30-3.prod
Benchmarks/splot-23-5-17/model_20120110_1719396361.xml,Benchmarks/splot-23-5-17/model_20120110_1719396361/model_20120110_1719396361-30-4.prod
Benchmarks/splot-23-5-17/model_20120110_1719396361.xml,Benchmarks/splot-23-5-17/model_20120110_1719396361/model_20120110_1719396361-30-5.prod
Benchmarks/splot-23-5-17/model_20120110_1719396361.xml,Benchmarks/splot-23-5-17/model_20120110_1719396361/model_20120110_1719396361-30-6.prod
Benchmarks/splot-23-5-17/model_20120110_1719396361.xml,Benchmarks/splot-23-5-17/model_20120110_1719396361/model_20120110_1719396361-30-7.prod
Benchmarks/splot-23-5-17/model_20120110_1719396361.xml,Benchmarks/splot-23-5-17/model_20120110_1719396361/model_20120110_1719396361-30-8.prod
Benchmarks/splot-23-5-17/model_20120110_1719396361.xml,Benchmarks/splot-23-5-17/model_20120110_1719396361/model_20120110_1719396361-30-9.prod
Benchmarks/splot-23-5-17/model_20120110_1719396361.xml,Benchmarks/splot-23-5-17/model_20120110_1719396361/model_20120110_1719396361-50-0.prod
Benchmarks/splot-23-5-17/model_20120110_1719396361.xml,Benchmarks/splot-23-5-17/model_20120110_1719396361/model_20120110_1719396361-50-1.prod
Benchmarks/splot-23-5-17/model_20120110_1719396361.xml,Benchmarks/splot-23-5-17/model_20120110_1719396361/model_20120110_1719396361-50-2.prod
Benchmarks/splot-23-5-17/model_20120110_1719396361.xml,Benchmarks/splot-23-5-17/model_20120110_1719396361/model_20120110_1719396361-50-3.prod
Benchmarks/splot-23-5-17/model_20120110_1719396361.xml,Benchmarks/splot-23-5-17/model_20120110_1719396361/model_20120110_1719396361-50-4.prod
Benchmarks/splot-23-5-17/model_20120110_1719396361.xml,Benchmarks/splot-23-5-17/model_20120110_1719396361/model_20120110_1719396361-50-5.prod
Benchmarks/splot-23-5-17/model_20120110_1719396361.xml,Benchmarks/splot-23-5-17/model_20120110_1719396361/model_20120110_1719396361-50-6.prod
Benchmarks/splot-23-5-17/model_20120110_1719396361.xml,Benchmarks/splot-23-5-17/model_20120110_1719396361/model_20120110_1719396361-50-7.prod
Benchmarks/splot-23-5-17/model_20120110_1719396361.xml,Benchmarks/splot-23-5-17/model_20120110_1719396361/model_20120110_1719396361-50-8.prod
Benchmarks/splot-23-5-17/model_20120110_1719396361.xml,Benchmarks/splot-23-5-17/model_20120110_1719396361/model_20120110_1719396361-50-9.prod
Benchmarks/splot-23-5-17/model_20120110_1754443954.xml,Benchmarks/splot-23-5-17/model_20120110_1754443954/model_20120110_1754443954-10-0.prod
Benchmarks/splot-23-5-17/model_20120110_1754443954.xml,Benchmarks/splot-23-5-17/model_20120110_1754443954/model_20120110_1754443954-10-1.prod
Benchmarks/splot-23-5-17/model_20120110_1754443954.xml,Benchmarks/splot-23-5-17/model_20120110_1754443954/model_20120110_1754443954-10-2.prod
Benchmarks/splot-23-5-17/model_20120110_1754443954.xml,Benchmarks/splot-23-5-17/model_20120110_1754443954/model_20120110_1754443954-10-3.prod
Benchmarks/splot-23-5-17/model_20120110_1754443954.xml,Benchmarks/splot-23-5-17/model_20120110_1754443954/model_20120110_1754443954-10-4.prod
Benchmarks/splot-23-5-17/model_20120110_1754443954.xml,Benchmarks/splot-23-5-17/model_20120110_1754443954/model_20120110_1754443954-10-5.prod
Benchmarks/splot-23-5-17/model_20120110_1754443954.xml,Benchmarks/splot-23-5-17/model_20120110_1754443954/model_20120110_1754443954-10-6.prod
Benchmarks/splot-23-5-17/model_20120110_1754443954.xml,Benchmarks/splot-23-5-17/model_20120110_1754443954/model_20120110_1754443954-10-7.prod
Benchmarks/splot-23-5-17/model_20120110_1754443954.xml,Benchmarks/splot-23-5-17/model_20120110_1754443954/model_20120110_1754443954-10-8.prod
Benchmarks/splot-23-5-17/model_20120110_1754443954.xml,Benchmarks/splot-23-5-17/model_20120110_1754443954/model_20120110_1754443954-10-9.prod
Benchmarks/splot-23-5-17/model_20120110_1754443954.xml,Benchmarks/splot-23-5-17/model_20120110_1754443954/model_20120110_1754443954-100-0.prod
Benchmarks/splot-23-5-17/model_20120110_1754443954.xml,Benchmarks/splot-23-5-17/model_20120110_1754443954/model_20120110_1754443954-100-1.prod
Benchmarks/splot-23-5-17/model_20120110_1754443954.xml,Benchmarks/splot-23-5-17/model_20120110_1754443954/model_20120110_1754443954-100-2.prod
Benchmarks/splot-23-5-17/model_20120110_1754443954.xml,Benchmarks/splot-23-5-17/model_20120110_1754443954/model_20120110_1754443954-100-3.prod
Benchmarks/splot-23-5-17/model_20120110_1754443954.xml,Benchmarks/splot-23-5-17/model_20120110_1754443954/model_20120110_1754443954-100-4.prod
Benchmarks/splot-23-5-17/model_20120110_1754443954.xml,Benchmarks/splot-23-5-17/model_20120110_1754443954/model_20120110_1754443954-100-5.prod
Benchmarks/splot-23-5-17/model_20120110_1754443954.xml,Benchmarks/splot-23-5-17/model_20120110_1754443954/model_20120110_1754443954-100-6.prod
Benchmarks/splot-23-5-17/model_20120110_1754443954.xml,Benchmarks/splot-23-5-17/model_20120110_1754443954/model_20120110_1754443954-100-7.prod
Benchmarks/splot-23-5-17/model_20120110_1754443954.xml,Benchmarks/splot-23-5-17/model_20120110_1754443954/model_20120110_1754443954-100-8.prod
Benchmarks/splot-23-5-17/model_20120110_1754443954.xml,Benchmarks/splot-23-5-17/model_20120110_1754443954/model_20120110_1754443954-100-9.prod
Benchmarks/splot-23-5-17/model_20120110_1754443954.xml,Benchmarks/splot-23-5-17/model_20120110_1754443954/model_20120110_1754443954-30-0.prod
Benchmarks/splot-23-5-17/model_20120110_1754443954.xml,Benchmarks/splot-23-5-17/model_20120110_1754443954/model_20120110_1754443954-30-1.prod
Benchmarks/splot-23-5-17/model_20120110_1754443954.xml,Benchmarks/splot-23-5-17/model_20120110_1754443954/model_20120110_1754443954-30-2.prod
Benchmarks/splot-23-5-17/model_20120110_1754443954.xml,Benchmarks/splot-23-5-17/model_20120110_1754443954/model_20120110_1754443954-30-3.prod
Benchmarks/splot-23-5-17/model_20120110_1754443954.xml,Benchmarks/splot-23-5-17/model_20120110_1754443954/model_20120110_1754443954-30-4.prod
Benchmarks/splot-23-5-17/model_20120110_1754443954.xml,Benchmarks/splot-23-5-17/model_20120110_1754443954/model_20120110_1754443954-30-5.prod
Benchmarks/splot-23-5-17/model_20120110_1754443954.xml,Benchmarks/splot-23-5-17/model_20120110_1754443954/model_20120110_1754443954-30-6.prod
Benchmarks/splot-23-5-17/model_20120110_1754443954.xml,Benchmarks/splot-23-5-17/model_20120110_1754443954/model_20120110_1754443954-30-7.prod
Benchmarks/splot-23-5-17/model_20120110_1754443954.xml,Benchmarks/splot-23-5-17/model_20120110_1754443954/model_20120110_1754443954-30-8.prod
Benchmarks/splot-23-5-17/model_20120110_1754443954.xml,Benchmarks/splot-23-5-17/model_20120110_1754443954/model_20120110_1754443954-30-9.prod
Benchmarks/splot-23-5-17/model_20120110_1754443954.xml,Benchmarks/splot-23-5-17/model_20120110_1754443954/model_20120110_1754443954-50-0.prod
Benchmarks/splot-23-5-17/model_20120110_1754443954.xml,Benchmarks/splot-23-5-17/model_20120110_1754443954/model_20120110_1754443954-50-1.prod
Benchmarks/splot-23-5-17/model_20120110_1754443954.xml,Benchmarks/splot-23-5-17/model_20120110_1754443954/model_20120110_1754443954-50-2.prod
Benchmarks/splot-23-5-17/model_20120110_1754443954.xml,Benchmarks/splot-23-5-17/model_20120110_1754443954/model_20120110_1754443954-50-3.prod
Benchmarks/splot-23-5-17/model_20120110_1754443954.xml,Benchmarks/splot-23-5-17/model_20120110_1754443954/model_20120110_1754443954-50-4.prod
Benchmarks/splot-23-5-17/model_20120110_1754443954.xml,Benchmarks/splot-23-5-17/model_20120110_1754443954/model_20120110_1754443954-50-5.prod
Benchmarks/splot-23-5-17/model_20120110_1754443954.xml,Benchmarks/splot-23-5-17/model_20120110_1754443954/model_20120110_1754443954-50-6.prod
Benchmarks/splot-23-5-17/model_20120110_1754443954.xml,Benchmarks/splot-23-5-17/model_20120110_1754443954/model_20120110_1754443954-50-7.prod
Benchmarks/splot-23-5-17/model_20120110_1754443954.xml,Benchmarks/splot-23-5-17/model_20120110_1754443954/model_20120110_1754443954-50-8.prod
Benchmarks/splot-23-5-17/model_20120110_1754443954.xml,Benchmarks/splot-23-5-17/model_20120110_1754443954/model_20120110_1754443954-50-9.prod
Benchmarks/splot-23-5-17/model_20120110_855603964.xml,Benchmarks/splot-23-5-17/model_20120110_855603964/model_20120110_855603964-10-0.prod
Benchmarks/splot-23-5-17/model_20120110_855603964.xml,Benchmarks/splot-23-5-17/model_20120110_855603964/model_20120110_855603964-10-1.prod
Benchmarks/splot-23-5-17/model_20120110_855603964.xml,Benchmarks/splot-23-5-17/model_20120110_855603964/model_20120110_855603964-10-2.prod
Benchmarks/splot-23-5-17/model_20120110_855603964.xml,Benchmarks/splot-23-5-17/model_20120110_855603964/model_20120110_855603964-10-3.prod
Benchmarks/splot-23-5-17/model_20120110_855603964.xml,Benchmarks/splot-23-5-17/model_20120110_855603964/model_20120110_855603964-10-4.prod
Benchmarks/splot-23-5-17/model_20120110_855603964.xml,Benchmarks/splot-23-5-17/model_20120110_855603964/model_20120110_855603964-10-5.prod
Benchmarks/splot-23-5-17/model_20120110_855603964.xml,Benchmarks/splot-23-5-17/model_20120110_855603964/model_20120110_855603964-10-6.prod
Benchmarks/splot-23-5-17/model_20120110_855603964.xml,Benchmarks/splot-23-5-17/model_20120110_855603964/model_20120110_855603964-10-7.prod
Benchmarks/splot-23-5-17/model_20120110_855603964.xml,Benchmarks/splot-23-5-17/model_20120110_855603964/model_20120110_855603964-10-8.prod
Benchmarks/splot-23-5-17/model_20120110_855603964.xml,Benchmarks/splot-23-5-17/model_20120110_855603964/model_20120110_855603964-10-9.prod
Benchmarks/splot-23-5-17/model_20120110_855603964.xml,Benchmarks/splot-23-5-17/model_20120110_855603964/model_20120110_855603964-100-0.prod
Benchmarks/splot-23-5-17/model_20120110_855603964.xml,Benchmarks/splot-23-5-17/model_20120110_855603964/model_20120110_855603964-100-1.prod
Benchmarks/splot-23-5-17/model_20120110_855603964.xml,Benchmarks/splot-23-5-17/model_20120110_855603964/model_20120110_855603964-100-2.prod
Benchmarks/splot-23-5-17/model_20120110_855603964.xml,Benchmarks/splot-23-5-17/model_20120110_855603964/model_20120110_855603964-100-3.prod
Benchmarks/splot-23-5-17/model_20120110_855603964.xml,Benchmarks/splot-23-5-17/model_20120110_855603964/model_20120110_855603964-100-4.prod
Benchmarks/splot-23-5-17/model_20120110_855603964.xml,Benchmarks/splot-23-5-17/model_20120110_855603964/model_20120110_855603964-100-5.prod
Benchmarks/splot-23-5-17/model_20120110_855603964.xml,Benchmarks/splot-23-5-17/model_20120110_855603964/model_20120110_855603964-100-6.prod
Benchmarks/splot-23-5-17/model_20120110_855603964.xml,Benchmarks/splot-23-5-17/model_20120110_855603964/model_20120110_855603964-100-7.prod
Benchmarks/splot-23-5-17/model_20120110_855603964.xml,Benchmarks/splot-23-5-17/model_20120110_855603964/model_20120110_855603964-100-8.prod
Benchmarks/splot-23-5-17/model_20120110_855603964.xml,Benchmarks/splot-23-5-17/model_20120110_855603964/model_20120110_855603964-100-9.prod
Benchmarks/splot-23-5-17/model_20120110_855603964.xml,Benchmarks/splot-23-5-17/model_20120110_855603964/model_20120110_855603964-30-0.prod
Benchmarks/splot-23-5-17/model_20120110_855603964.xml,Benchmarks/splot-23-5-17/model_20120110_855603964/model_20120110_855603964-30-1.prod
Benchmarks/splot-23-5-17/model_20120110_855603964.xml,Benchmarks/splot-23-5-17/model_20120110_855603964/model_20120110_855603964-30-2.prod
Benchmarks/splot-23-5-17/model_20120110_855603964.xml,Benchmarks/splot-23-5-17/model_20120110_855603964/model_20120110_855603964-30-3.prod
Benchmarks/splot-23-5-17/model_20120110_855603964.xml,Benchmarks/splot-23-5-17/model_20120110_855603964/model_20120110_855603964-30-4.prod
Benchmarks/splot-23-5-17/model_20120110_855603964.xml,Benchmarks/splot-23-5-17/model_20120110_855603964/model_20120110_855603964-30-5.prod
Benchmarks/splot-23-5-17/model_20120110_855603964.xml,Benchmarks/splot-23-5-17/model_20120110_855603964/model_20120110_855603964-30-6.prod
Benchmarks/splot-23-5-17/model_20120110_855603964.xml,Benchmarks/splot-23-5-17/model_20120110_855603964/model_20120110_855603964-30-7.prod
Benchmarks/splot-23-5-17/model_20120110_855603964.xml,Benchmarks/splot-23-5-17/model_20120110_855603964/model_20120110_855603964-30-8.prod
Benchmarks/splot-23-5-17/model_20120110_855603964.xml,Benchmarks/splot-23-5-17/model_20120110_855603964/model_20120110_855603964-30-9.prod
Benchmarks/splot-23-5-17/model_20120110_855603964.xml,Benchmarks/splot-23-5-17/model_20120110_855603964/model_20120110_855603964-50-0.prod
Benchmarks/splot-23-5-17/model_20120110_855603964.xml,Benchmarks/splot-23-5-17/model_20120110_855603964/model_20120110_855603964-50-1.prod
Benchmarks/splot-23-5-17/model_20120110_855603964.xml,Benchmarks/splot-23-5-17/model_20120110_855603964/model_20120110_855603964-50-2.prod
Benchmarks/splot-23-5-17/model_20120110_855603964.xml,Benchmarks/splot-23-5-17/model_20120110_855603964/model_20120110_855603964-50-3.prod
Benchmarks/splot-23-5-17/model_20120110_855603964.xml,Benchmarks/splot-23-5-17/model_20120110_855603964/model_20120110_855603964-50-4.prod
Benchmarks/splot-23-5-17/model_20120110_855603964.xml,Benchmarks/splot-23-5-17/model_20120110_855603964/model_20120110_855603964-50-5.prod
Benchmarks/splot-23-5-17/model_20120110_855603964.xml,Benchmarks/splot-23-5-17/model_20120110_855603964/model_20120110_855603964-50-6.prod
Benchmarks/splot-23-5-17/model_20120110_855603964.xml,Benchmarks/splot-23-5-17/model_20120110_855603964/model_20120110_855603964-50-7.prod
Benchmarks/splot-23-5-17/model_20120110_855603964.xml,Benchmarks/splot-23-5-17/model_20120110_855603964/model_20120110_855603964-50-8.prod
Benchmarks/splot-23-5-17/model_20120110_855603964.xml,Benchmarks/splot-23-5-17/model_20120110_855603964/model_20120110_855603964-50-9.prod
Benchmarks/splot-23-5-17/model_20120113_1950870026.xml,Benchmarks/splot-23-5-17/model_20120113_1950870026/model_20120113_1950870026-10-0.prod
Benchmarks/splot-23-5-17/model_20120113_1950870026.xml,Benchmarks/splot-23-5-17/model_20120113_1950870026/model_20120113_1950870026-10-1.prod
Benchmarks/splot-23-5-17/model_20120113_1950870026.xml,Benchmarks/splot-23-5-17/model_20120113_1950870026/model_20120113_1950870026-10-2.prod
Benchmarks/splot-23-5-17/model_20120113_1950870026.xml,Benchmarks/splot-23-5-17/model_20120113_1950870026/model_20120113_1950870026-10-3.prod
Benchmarks/splot-23-5-17/model_20120113_1950870026.xml,Benchmarks/splot-23-5-17/model_20120113_1950870026/model_20120113_1950870026-10-4.prod
Benchmarks/splot-23-5-17/model_20120113_1950870026.xml,Benchmarks/splot-23-5-17/model_20120113_1950870026/model_20120113_1950870026-10-5.prod
Benchmarks/splot-23-5-17/model_20120113_1950870026.xml,Benchmarks/splot-23-5-17/model_20120113_1950870026/model_20120113_1950870026-10-6.prod
Benchmarks/splot-23-5-17/model_20120113_1950870026.xml,Benchmarks/splot-23-5-17/model_20120113_1950870026/model_20120113_1950870026-10-7.prod
Benchmarks/splot-23-5-17/model_20120113_1950870026.xml,Benchmarks/splot-23-5-17/model_20120113_1950870026/model_20120113_1950870026-10-8.prod
Benchmarks/splot-23-5-17/model_20120113_1950870026.xml,Benchmarks/splot-23-5-17/model_20120113_1950870026/model_20120113_1950870026-10-9.prod
Benchmarks/splot-23-5-17/model_20120113_1950870026.xml,Benchmarks/splot-23-5-17/model_20120113_1950870026/model_20120113_1950870026-100-0.prod
Benchmarks/splot-23-5-17/model_20120113_1950870026.xml,Benchmarks/splot-23-5-17/model_20120113_1950870026/model_20120113_1950870026-100-1.prod
Benchmarks/splot-23-5-17/model_20120113_1950870026.xml,Benchmarks/splot-23-5-17/model_20120113_1950870026/model_20120113_1950870026-100-2.prod
Benchmarks/splot-23-5-17/model_20120113_1950870026.xml,Benchmarks/splot-23-5-17/model_20120113_1950870026/model_20120113_1950870026-100-3.prod
Benchmarks/splot-23-5-17/model_20120113_1950870026.xml,Benchmarks/splot-23-5-17/model_20120113_1950870026/model_20120113_1950870026-100-4.prod
Benchmarks/splot-23-5-17/model_20120113_1950870026.xml,Benchmarks/splot-23-5-17/model_20120113_1950870026/model_20120113_1950870026-100-5.prod
Benchmarks/splot-23-5-17/model_20120113_1950870026.xml,Benchmarks/splot-23-5-17/model_20120113_1950870026/model_20120113_1950870026-100-6.prod
Benchmarks/splot-23-5-17/model_20120113_1950870026.xml,Benchmarks/splot-23-5-17/model_20120113_1950870026/model_20120113_1950870026-100-7.prod
Benchmarks/splot-23-5-17/model_20120113_1950870026.xml,Benchmarks/splot-23-5-17/model_20120113_1950870026/model_20120113_1950870026-100-8.prod
Benchmarks/splot-23-5-17/model_20120113_1950870026.xml,Benchmarks/splot-23-5-17/model_20120113_1950870026/model_20120113_1950870026-100-9.prod
Benchmarks/splot-23-5-17/model_20120113_1950870026.xml,Benchmarks/splot-23-5-17/model_20120113_1950870026/model_20120113_1950870026-30-0.prod
Benchmarks/splot-23-5-17/model_20120113_1950870026.xml,Benchmarks/splot-23-5-17/model_20120113_1950870026/model_20120113_1950870026-30-1.prod
Benchmarks/splot-23-5-17/model_20120113_1950870026.xml,Benchmarks/splot-23-5-17/model_20120113_1950870026/model_20120113_1950870026-30-2.prod
Benchmarks/splot-23-5-17/model_20120113_1950870026.xml,Benchmarks/splot-23-5-17/model_20120113_1950870026/model_20120113_1950870026-30-3.prod
Benchmarks/splot-23-5-17/model_20120113_1950870026.xml,Benchmarks/splot-23-5-17/model_20120113_1950870026/model_20120113_1950870026-30-4.prod
Benchmarks/splot-23-5-17/model_20120113_1950870026.xml,Benchmarks/splot-23-5-17/model_20120113_1950870026/model_20120113_1950870026-30-5.prod
Benchmarks/splot-23-5-17/model_20120113_1950870026.xml,Benchmarks/splot-23-5-17/model_20120113_1950870026/model_20120113_1950870026-30-6.prod
Benchmarks/splot-23-5-17/model_20120113_1950870026.xml,Benchmarks/splot-23-5-17/model_20120113_1950870026/model_20120113_1950870026-30-7.prod
Benchmarks/splot-23-5-17/model_20120113_1950870026.xml,Benchmarks/splot-23-5-17/model_20120113_1950870026/model_20120113_1950870026-30-8.prod
Benchmarks/splot-23-5-17/model_20120113_1950870026.xml,Benchmarks/splot-23-5-17/model_20120113_1950870026/model_20120113_1950870026-30-9.prod
Benchmarks/splot-23-5-17/model_20120113_1950870026.xml,Benchmarks/splot-23-5-17/model_20120113_1950870026/model_20120113_1950870026-50-0.prod
Benchmarks/splot-23-5-17/model_20120113_1950870026.xml,Benchmarks/splot-23-5-17/model_20120113_1950870026/model_20120113_1950870026-50-1.prod
Benchmarks/splot-23-5-17/model_20120113_1950870026.xml,Benchmarks/splot-23-5-17/model_20120113_1950870026/model_20120113_1950870026-50-2.prod
Benchmarks/splot-23-5-17/model_20120113_1950870026.xml,Benchmarks/splot-23-5-17/model_20120113_1950870026/model_20120113_1950870026-50-3.prod
Benchmarks/splot-23-5-17/model_20120113_1950870026.xml,Benchmarks/splot-23-5-17/model_20120113_1950870026/model_20120113_1950870026-50-4.prod
Benchmarks/splot-23-5-17/model_20120113_1950870026.xml,Benchmarks/splot-23-5-17/model_20120113_1950870026/model_20120113_1950870026-50-5.prod
Benchmarks/splot-23-5-17/model_20120113_1950870026.xml,Benchmarks/splot-23-5-17/model_20120113_1950870026/model_20120113_1950870026-50-6.prod
Benchmarks/splot-23-5-17/model_20120113_1950870026.xml,Benchmarks/splot-23-5-17/model_20120113_1950870026/model_20120113_1950870026-50-7.prod
Benchmarks/splot-23-5-17/model_20120113_1950870026.xml,Benchmarks/splot-23-5-17/model_20120113_1950870026/model_20120113_1950870026-50-8.prod
Benchmarks/splot-23-5-17/model_20120113_1950870026.xml,Benchmarks/splot-23-5-17/model_20120113_1950870026/model_20120113_1950870026-50-9.prod
Benchmarks/splot-23-5-17/model_20120202_1596034358.xml,Benchmarks/splot-23-5-17/model_20120202_1596034358/model_20120202_1596034358-10-0.prod
Benchmarks/splot-23-5-17/model_20120202_1596034358.xml,Benchmarks/splot-23-5-17/model_20120202_1596034358/model_20120202_1596034358-10-1.prod
Benchmarks/splot-23-5-17/model_20120202_1596034358.xml,Benchmarks/splot-23-5-17/model_20120202_1596034358/model_20120202_1596034358-10-2.prod
Benchmarks/splot-23-5-17/model_20120202_1596034358.xml,Benchmarks/splot-23-5-17/model_20120202_1596034358/model_20120202_1596034358-10-3.prod
Benchmarks/splot-23-5-17/model_20120202_1596034358.xml,Benchmarks/splot-23-5-17/model_20120202_1596034358/model_20120202_1596034358-10-4.prod
Benchmarks/splot-23-5-17/model_20120202_1596034358.xml,Benchmarks/splot-23-5-17/model_20120202_1596034358/model_20120202_1596034358-10-5.prod
Benchmarks/splot-23-5-17/model_20120202_1596034358.xml,Benchmarks/splot-23-5-17/model_20120202_1596034358/model_20120202_1596034358-10-6.prod
Benchmarks/splot-23-5-17/model_20120202_1596034358.xml,Benchmarks/splot-23-5-17/model_20120202_1596034358/model_20120202_1596034358-10-7.prod
Benchmarks/splot-23-5-17/model_20120202_1596034358.xml,Benchmarks/splot-23-5-17/model_20120202_1596034358/model_20120202_1596034358-10-8.prod
Benchmarks/splot-23-5-17/model_20120202_1596034358.xml,Benchmarks/splot-23-5-17/model_20120202_1596034358/model_20120202_1596034358-10-9.prod
Benchmarks/splot-23-5-17/model_20120202_1596034358.xml,Benchmarks/splot-23-5-17/model_20120202_1596034358/model_20120202_1596034358-100-0.prod
